race,base_rate,n
African-American,0.5143398268398268,3696
Caucasian,0.39364303178484106,2454
Hispanic,0.3642072213500785,637
Other,0.35278514588859416,377
